Name,Video,Link
TOO SMALL: MEGA Auto Smooth Stone Generator,https://www.youtube.com/watch?v=T71RBautWug#t=13,http://www.mediafire.com/download/dqjzrce0l68fc5f/TOO_SMALL__Massive_Stone_Gen!.zip
Pocket Sized Disco Beacon,https://www.youtube.com/watch?v=ulSZQ86Nnck,http://www.mediafire.com/download/4q8eb0xidc72r38/Compact+Disco+Beacon-.zip
The Ultimate Laser Security System,https://www.youtube.com/watch?v=9v5KGvOPSaQ#t=12,http://www.mediafire.com/download/s76f7ghswskabm8/ULTIMATE+Laser+Security+System.zip
Zombie Plinko Using Slimeblocks!,https://www.youtube.com/watch?v=ufKVfnZ9yRc,http://www.mediafire.com/download/790uzujlv5rtb9r/DropZone_+Minecraft+Mini+Game+%282%29.zip
The Ender Entrance,https://www.youtube.com/watch?v=ZJ4x0-x99Gc#t=33,http://www.mediafire.com/download/fbxecucc0rtlbcm/The+Ender+Enterance.zip
Laser Security System,https://www.youtube.com/watch?v=iQCUVFb41Ss#t=31,http://www.mediafire.com/download/6iddqjc8z0o3260/Laser+Security+System.zip
Minecart Loop De Loop!,https://www.youtube.com/watch?v=VHCpMN4j1tw#t=30,http://www.mediafire.com/download/vvm1av7mf4rnkgw/Minecart+Loop+De+Loop.zip
Batman Waterfall Splitter Hidden Enterance,https://www.youtube.com/watch?v=SkryTbw7vkQ#t=31,http://www.mediafire.com/download/sda623vncu3k2le/Batman+WaterFall+Splitter.zip
Simple Piston Castle Gate,https://www.youtube.com/watch?v=7U01USXKFpU#t=32,http://www.mediafire.com/download/fmsg9947464963f/Castle+Gate.zip
Multi Floor Slimeblock Elevator,https://www.youtube.com/watch?v=TaQzXIFPA3M#t=29,http://www.mediafire.com/download/dkshw21z1zkg2kk/Multifloor+Slimeblock+Elevator.zip
Looking Glass Hidden Crafting Bench,https://www.youtube.com/watch?v=dwvsPgoM7Yk#t=85,http://www.mediafire.com/download/9xcazscqz4auc2x/Looking+Glass+Crafting+Bench.zip
